{
  "namespace": "cwfm",
  "definitions": {
    "cwfm.TimesheetStatuses": {
      "kind": "entity",
      "@cds.odata.valuelist": true,
      "@cds.autoexpose": true,
      "@cds.persistence.skip": "if-unused",
      "@UI.Identification": [
        {
          "Value": {
            "=": "name"
          }
        }
      ],
      "includes": [
        "sap.common.CodeList"
      ],
      "elements": {
        "name": {
          "@title": "{i18n>Name}",
          "localized": true,
          "type": "cds.String",
          "length": 255
        },
        "descr": {
          "@title": "{i18n>Description}",
          "localized": true,
          "type": "cds.String",
          "length": 1000
        },
        "code": {
          "key": true,
          "type": "cds.String",
          "length": 4,
          "enum": {
            "created": {
              "val": "CREA"
            },
            "error": {
              "val": "EROR"
            },
            "pendingApproval": {
              "val": "PEND"
            },
            "processed": {
              "val": "PROC"
            },
            "rejected": {
              "val": "REJE"
            }
          }
        },
        "texts": {
          "type": "cds.Composition",
          "cardinality": {
            "max": "*"
          },
          "target": "cwfm.TimesheetStatuses.texts",
          "on": [
            {
              "ref": [
                "texts",
                "code"
              ]
            },
            "=",
            {
              "ref": [
                "code"
              ]
            }
          ]
        },
        "localized": {
          "type": "cds.Association",
          "target": "cwfm.TimesheetStatuses.texts",
          "on": [
            {
              "ref": [
                "localized",
                "code"
              ]
            },
            "=",
            {
              "ref": [
                "code"
              ]
            },
            "and",
            {
              "ref": [
                "localized",
                "locale"
              ]
            },
            "=",
            {
              "ref": [
                "$user",
                "locale"
              ]
            }
          ]
        }
      }
    },
    "cwfm.TimesheetStatusReasons": {
      "kind": "entity",
      "@cds.odata.valuelist": true,
      "@cds.autoexpose": true,
      "@cds.persistence.skip": "if-unused",
      "@UI.Identification": [
        {
          "Value": {
            "=": "name"
          }
        }
      ],
      "includes": [
        "sap.common.CodeList"
      ],
      "elements": {
        "name": {
          "@title": "{i18n>Name}",
          "localized": true,
          "type": "cds.String",
          "length": 255
        },
        "descr": {
          "@title": "{i18n>Description}",
          "localized": true,
          "type": "cds.String",
          "length": 1000
        },
        "code": {
          "key": true,
          "type": "cds.String",
          "length": 4,
          "enum": {
            "invalidPartner": {
              "val": "BP01"
            },
            "partnerArchived": {
              "val": "BP02"
            },
            "bpStatusInvalid": {
              "val": "BP03"
            }
          }
        },
        "texts": {
          "type": "cds.Composition",
          "cardinality": {
            "max": "*"
          },
          "target": "cwfm.TimesheetStatusReasons.texts",
          "on": [
            {
              "ref": [
                "texts",
                "code"
              ]
            },
            "=",
            {
              "ref": [
                "code"
              ]
            }
          ]
        },
        "localized": {
          "type": "cds.Association",
          "target": "cwfm.TimesheetStatusReasons.texts",
          "on": [
            {
              "ref": [
                "localized",
                "code"
              ]
            },
            "=",
            {
              "ref": [
                "code"
              ]
            },
            "and",
            {
              "ref": [
                "localized",
                "locale"
              ]
            },
            "=",
            {
              "ref": [
                "$user",
                "locale"
              ]
            }
          ]
        }
      }
    },
    "cwfm.Timesheets": {
      "kind": "entity",
      "includes": [
        "managed"
      ],
      "elements": {
        "createdAt": {
          "@cds.on.insert": {
            "=": "$now"
          },
          "@UI.HiddenFilter": true,
          "@Core.Immutable": true,
          "@title": "{i18n>CreatedAt}",
          "@readonly": true,
          "@odata.on.insert": {
            "#": "now"
          },
          "type": "cds.Timestamp"
        },
        "createdBy": {
          "@cds.on.insert": {
            "=": "$user"
          },
          "@UI.HiddenFilter": true,
          "@Core.Immutable": true,
          "@title": "{i18n>CreatedBy}",
          "@readonly": true,
          "@odata.on.insert": {
            "#": "user"
          },
          "@description": "{i18n>UserID.Description}",
          "type": "User",
          "length": 255
        },
        "modifiedAt": {
          "@cds.on.insert": {
            "=": "$now"
          },
          "@cds.on.update": {
            "=": "$now"
          },
          "@UI.HiddenFilter": true,
          "@title": "{i18n>ChangedAt}",
          "@readonly": true,
          "@odata.on.update": {
            "#": "now"
          },
          "type": "cds.Timestamp"
        },
        "modifiedBy": {
          "@cds.on.insert": {
            "=": "$user"
          },
          "@cds.on.update": {
            "=": "$user"
          },
          "@UI.HiddenFilter": true,
          "@title": "{i18n>ChangedBy}",
          "@readonly": true,
          "@odata.on.update": {
            "#": "user"
          },
          "@description": "{i18n>UserID.Description}",
          "type": "User",
          "length": 255
        },
        "ID": {
          "@Core.Computed": true,
          "key": true,
          "type": "cds.UUID"
        },
        "recordNumber": {
          "type": "cds.String",
          "length": 10
        },
        "partnerID": {
          "type": "cds.String"
        },
        "workDate": {
          "type": "cds.Date"
        },
        "workDuration": {
          "type": "cds.Time"
        },
        "projectReference": {
          "type": "cds.String",
          "length": 50
        },
        "matchScore": {
          "type": "cds.Decimal"
        },
        "status": {
          "type": "cds.Association",
          "cardinality": {
            "max": 1
          },
          "target": "cwfm.TimesheetStatuses",
          "keys": [
            {
              "ref": [
                "code"
              ]
            }
          ]
        },
        "statusReason": {
          "type": "cds.Association",
          "cardinality": {
            "max": 1
          },
          "target": "cwfm.TimesheetStatusReasons",
          "keys": [
            {
              "ref": [
                "code"
              ]
            }
          ]
        }
      }
    },
    "TimesheetService": {
      "@source": "srv/timesheet-service.cds",
      "kind": "service",
      "@path": "/service",
      "@requires": "authenticated-user"
    },
    "TimesheetService.Timesheets": {
      "kind": "entity",
      "@odata.draft.enabled": true,
      "@UI.SelectionFields": [
        {
          "=": "workDate"
        },
        {
          "=": "partnerID"
        },
        {
          "=": "status_code"
        }
      ],
      "@UI.LineItem": [
        {
          "Value": {
            "=": "partnerID"
          },
          "Label": "Partner"
        },
        {
          "Value": {
            "=": "workDate"
          },
          "Label": "Work Date"
        },
        {
          "Value": {
            "=": "workDuration"
          },
          "Label": "Work Duration"
        },
        {
          "Value": {
            "=": "status.descr"
          },
          "Label": "Status"
        },
        {
          "Value": {
            "=": "projectReference"
          },
          "Label": "Project"
        }
      ],
      "@UI.HeaderInfo.TypeName": "Timesheet",
      "@UI.HeaderInfo.TypeNamePlural": "Timesheets",
      "@UI.HeaderInfo.Title.Label": "RecordID",
      "@UI.HeaderInfo.Title.Value": {
        "=": "recordNumber"
      },
      "@UI.HeaderInfo.Description.Value": {
        "=": "status.descr"
      },
      "@UI.Identification": [
        {
          "Value": {
            "=": "createdBy"
          },
          "Label": "Customer"
        },
        {
          "Value": {
            "=": "createdAt"
          },
          "Label": "Date"
        },
        {
          "Value": {
            "=": "recordNumber"
          }
        }
      ],
      "@UI.HeaderFacets": [
        {
          "$Type": "UI.ReferenceFacet",
          "Label": "{i18n>WorkDate}",
          "Target": "@UI.FieldGroup#Work"
        }
      ],
      "@UI.Facets": [
        {
          "$Type": "UI.ReferenceFacet",
          "Label": "{i18n>Details}",
          "Target": "@UI.FieldGroup#Details"
        }
      ],
      "@UI.FieldGroup#Details.Data": [
        {
          "Value": {
            "=": "partnerID"
          },
          "Label": "Partner"
        },
        {
          "Value": {
            "=": "workDate"
          },
          "Label": "Work Date"
        },
        {
          "Value": {
            "=": "workDuration"
          },
          "Label": "Work Duration"
        },
        {
          "Value": {
            "=": "projectReference"
          },
          "Label": "Project"
        },
        {
          "Value": {
            "=": "status.code"
          },
          "Label": "Status"
        },
        {
          "Value": {
            "=": "status.descr"
          },
          "Label": "Status Description"
        },
        {
          "Value": {
            "=": "statusReason.code"
          },
          "Label": "Status Reason"
        },
        {
          "Value": {
            "=": "statusReason.descr"
          },
          "Label": "Status Reason Description"
        }
      ],
      "@UI.FieldGroup#Work.Data": [
        {
          "Value": {
            "=": "workDate"
          }
        },
        {
          "Value": {
            "=": "workDuration"
          }
        }
      ],
      "projection": {
        "from": {
          "ref": [
            "cwfm.Timesheets"
          ]
        }
      },
      "elements": {
        "createdAt": {
          "@UI.HiddenFilter": false,
          "@cds.on.insert": {
            "=": "$now"
          },
          "@Core.Immutable": true,
          "@title": "{i18n>CreatedAt}",
          "@readonly": true,
          "@odata.on.insert": {
            "#": "now"
          },
          "type": "cds.Timestamp"
        },
        "createdBy": {
          "@UI.HiddenFilter": false,
          "@cds.on.insert": {
            "=": "$user"
          },
          "@Core.Immutable": true,
          "@title": "{i18n>CreatedBy}",
          "@readonly": true,
          "@odata.on.insert": {
            "#": "user"
          },
          "@description": "{i18n>UserID.Description}",
          "type": "User",
          "length": 255
        },
        "modifiedAt": {
          "@cds.on.insert": {
            "=": "$now"
          },
          "@cds.on.update": {
            "=": "$now"
          },
          "@UI.HiddenFilter": true,
          "@title": "{i18n>ChangedAt}",
          "@readonly": true,
          "@odata.on.update": {
            "#": "now"
          },
          "type": "cds.Timestamp"
        },
        "modifiedBy": {
          "@cds.on.insert": {
            "=": "$user"
          },
          "@cds.on.update": {
            "=": "$user"
          },
          "@UI.HiddenFilter": true,
          "@title": "{i18n>ChangedBy}",
          "@readonly": true,
          "@odata.on.update": {
            "#": "user"
          },
          "@description": "{i18n>UserID.Description}",
          "type": "User",
          "length": 255
        },
        "ID": {
          "@Core.Computed": true,
          "key": true,
          "type": "cds.UUID"
        },
        "recordNumber": {
          "type": "cds.String",
          "length": 10
        },
        "partnerID": {
          "type": "cds.String"
        },
        "workDate": {
          "type": "cds.Date"
        },
        "workDuration": {
          "type": "cds.Time"
        },
        "projectReference": {
          "type": "cds.String",
          "length": 50
        },
        "matchScore": {
          "type": "cds.Decimal"
        },
        "status": {
          "type": "cds.Association",
          "cardinality": {
            "max": 1
          },
          "target": "TimesheetService.TimesheetStatuses",
          "keys": [
            {
              "ref": [
                "code"
              ]
            }
          ]
        },
        "statusReason": {
          "type": "cds.Association",
          "cardinality": {
            "max": 1
          },
          "target": "TimesheetService.TimesheetStatusReasons",
          "keys": [
            {
              "ref": [
                "code"
              ]
            }
          ]
        }
      }
    },
    "TimesheetService.TimesheetStatuses": {
      "kind": "entity",
      "@cds.odata.valuelist": true,
      "@cds.autoexpose": true,
      "@cds.persistence.skip": "if-unused",
      "@UI.Identification": [
        {
          "Value": {
            "=": "name"
          }
        }
      ],
      "projection": {
        "from": {
          "ref": [
            "cwfm.TimesheetStatuses"
          ]
        }
      },
      "elements": {
        "name": {
          "@title": "{i18n>Name}",
          "localized": true,
          "type": "cds.String",
          "length": 255
        },
        "descr": {
          "@title": "{i18n>Description}",
          "localized": true,
          "type": "cds.String",
          "length": 1000
        },
        "code": {
          "key": true,
          "type": "cds.String",
          "length": 4,
          "enum": {
            "created": {
              "val": "CREA"
            },
            "error": {
              "val": "EROR"
            },
            "pendingApproval": {
              "val": "PEND"
            },
            "processed": {
              "val": "PROC"
            },
            "rejected": {
              "val": "REJE"
            }
          }
        },
        "texts": {
          "type": "cds.Composition",
          "cardinality": {
            "max": "*"
          },
          "target": "TimesheetService.TimesheetStatuses.texts",
          "on": [
            {
              "ref": [
                "texts",
                "code"
              ]
            },
            "=",
            {
              "ref": [
                "code"
              ]
            }
          ]
        },
        "localized": {
          "type": "cds.Association",
          "target": "TimesheetService.TimesheetStatuses.texts",
          "on": [
            {
              "ref": [
                "localized",
                "code"
              ]
            },
            "=",
            {
              "ref": [
                "code"
              ]
            },
            "and",
            {
              "ref": [
                "localized",
                "locale"
              ]
            },
            "=",
            {
              "ref": [
                "$user",
                "locale"
              ]
            }
          ]
        }
      }
    },
    "TimesheetService.TimesheetStatusReasons": {
      "kind": "entity",
      "@cds.odata.valuelist": true,
      "@cds.autoexpose": true,
      "@cds.persistence.skip": "if-unused",
      "@UI.Identification": [
        {
          "Value": {
            "=": "name"
          }
        }
      ],
      "projection": {
        "from": {
          "ref": [
            "cwfm.TimesheetStatusReasons"
          ]
        }
      },
      "elements": {
        "name": {
          "@title": "{i18n>Name}",
          "localized": true,
          "type": "cds.String",
          "length": 255
        },
        "descr": {
          "@title": "{i18n>Description}",
          "localized": true,
          "type": "cds.String",
          "length": 1000
        },
        "code": {
          "key": true,
          "type": "cds.String",
          "length": 4,
          "enum": {
            "invalidPartner": {
              "val": "BP01"
            },
            "partnerArchived": {
              "val": "BP02"
            },
            "bpStatusInvalid": {
              "val": "BP03"
            }
          }
        },
        "texts": {
          "type": "cds.Composition",
          "cardinality": {
            "max": "*"
          },
          "target": "TimesheetService.TimesheetStatusReasons.texts",
          "on": [
            {
              "ref": [
                "texts",
                "code"
              ]
            },
            "=",
            {
              "ref": [
                "code"
              ]
            }
          ]
        },
        "localized": {
          "type": "cds.Association",
          "target": "TimesheetService.TimesheetStatusReasons.texts",
          "on": [
            {
              "ref": [
                "localized",
                "code"
              ]
            },
            "=",
            {
              "ref": [
                "code"
              ]
            },
            "and",
            {
              "ref": [
                "localized",
                "locale"
              ]
            },
            "=",
            {
              "ref": [
                "$user",
                "locale"
              ]
            }
          ]
        }
      }
    },
    "TimesheetService.processTimesheets": {
      "kind": "action"
    },
    "Language": {
      "kind": "type",
      "@title": "{i18n>Language}",
      "@description": "{i18n>LanguageCode.Description}",
      "type": "cds.Association",
      "target": "sap.common.Languages",
      "keys": [
        {
          "ref": [
            "code"
          ]
        }
      ]
    },
    "Currency": {
      "kind": "type",
      "@title": "{i18n>Currency}",
      "@description": "{i18n>CurrencyCode.Description}",
      "type": "cds.Association",
      "target": "sap.common.Currencies",
      "keys": [
        {
          "ref": [
            "code"
          ]
        }
      ]
    },
    "Country": {
      "kind": "type",
      "@title": "{i18n>Country}",
      "@description": "{i18n>CountryCode.Description}",
      "type": "cds.Association",
      "target": "sap.common.Countries",
      "keys": [
        {
          "ref": [
            "code"
          ]
        }
      ]
    },
    "sap.common": {
      "kind": "context"
    },
    "sap.common.Languages": {
      "kind": "entity",
      "@cds.autoexpose": true,
      "@cds.persistence.skip": "if-unused",
      "@UI.Identification": [
        {
          "Value": {
            "=": "name"
          }
        }
      ],
      "@cds.odata.valuelist": true,
      "includes": [
        "sap.common.CodeList"
      ],
      "elements": {
        "name": {
          "@title": "{i18n>Name}",
          "localized": true,
          "type": "cds.String",
          "length": 255
        },
        "descr": {
          "@title": "{i18n>Description}",
          "localized": true,
          "type": "cds.String",
          "length": 1000
        },
        "code": {
          "@title": "{i18n>LanguageCode}",
          "@Common.Text": {
            "=": "name"
          },
          "key": true,
          "type": "cds.String",
          "length": 14
        },
        "texts": {
          "type": "cds.Composition",
          "cardinality": {
            "max": "*"
          },
          "target": "sap.common.Languages.texts",
          "on": [
            {
              "ref": [
                "texts",
                "code"
              ]
            },
            "=",
            {
              "ref": [
                "code"
              ]
            }
          ]
        },
        "localized": {
          "type": "cds.Association",
          "target": "sap.common.Languages.texts",
          "on": [
            {
              "ref": [
                "localized",
                "code"
              ]
            },
            "=",
            {
              "ref": [
                "code"
              ]
            },
            "and",
            {
              "ref": [
                "localized",
                "locale"
              ]
            },
            "=",
            {
              "ref": [
                "$user",
                "locale"
              ]
            }
          ]
        }
      }
    },
    "sap.common.Countries": {
      "kind": "entity",
      "@cds.autoexpose": true,
      "@cds.persistence.skip": "if-unused",
      "@UI.Identification": [
        {
          "Value": {
            "=": "name"
          }
        }
      ],
      "@cds.odata.valuelist": true,
      "includes": [
        "sap.common.CodeList"
      ],
      "elements": {
        "name": {
          "@title": "{i18n>Name}",
          "localized": true,
          "type": "cds.String",
          "length": 255
        },
        "descr": {
          "@title": "{i18n>Description}",
          "localized": true,
          "type": "cds.String",
          "length": 1000
        },
        "code": {
          "@title": "{i18n>CountryCode}",
          "@Common.Text": {
            "=": "name"
          },
          "key": true,
          "type": "cds.String",
          "length": 3
        },
        "texts": {
          "type": "cds.Composition",
          "cardinality": {
            "max": "*"
          },
          "target": "sap.common.Countries.texts",
          "on": [
            {
              "ref": [
                "texts",
                "code"
              ]
            },
            "=",
            {
              "ref": [
                "code"
              ]
            }
          ]
        },
        "localized": {
          "type": "cds.Association",
          "target": "sap.common.Countries.texts",
          "on": [
            {
              "ref": [
                "localized",
                "code"
              ]
            },
            "=",
            {
              "ref": [
                "code"
              ]
            },
            "and",
            {
              "ref": [
                "localized",
                "locale"
              ]
            },
            "=",
            {
              "ref": [
                "$user",
                "locale"
              ]
            }
          ]
        }
      }
    },
    "sap.common.Currencies": {
      "kind": "entity",
      "@cds.autoexpose": true,
      "@cds.persistence.skip": "if-unused",
      "@UI.Identification": [
        {
          "Value": {
            "=": "name"
          }
        }
      ],
      "@cds.odata.valuelist": true,
      "includes": [
        "sap.common.CodeList"
      ],
      "elements": {
        "name": {
          "@title": "{i18n>Name}",
          "localized": true,
          "type": "cds.String",
          "length": 255
        },
        "descr": {
          "@title": "{i18n>Description}",
          "localized": true,
          "type": "cds.String",
          "length": 1000
        },
        "code": {
          "@title": "{i18n>CurrencyCode}",
          "@Common.Text": {
            "=": "name"
          },
          "key": true,
          "type": "cds.String",
          "length": 3
        },
        "symbol": {
          "@title": "{i18n>CurrencySymbol}",
          "type": "cds.String",
          "length": 5
        },
        "texts": {
          "type": "cds.Composition",
          "cardinality": {
            "max": "*"
          },
          "target": "sap.common.Currencies.texts",
          "on": [
            {
              "ref": [
                "texts",
                "code"
              ]
            },
            "=",
            {
              "ref": [
                "code"
              ]
            }
          ]
        },
        "localized": {
          "type": "cds.Association",
          "target": "sap.common.Currencies.texts",
          "on": [
            {
              "ref": [
                "localized",
                "code"
              ]
            },
            "=",
            {
              "ref": [
                "code"
              ]
            },
            "and",
            {
              "ref": [
                "localized",
                "locale"
              ]
            },
            "=",
            {
              "ref": [
                "$user",
                "locale"
              ]
            }
          ]
        }
      }
    },
    "sap.common.CodeList": {
      "kind": "aspect",
      "@cds.autoexpose": true,
      "@cds.persistence.skip": "if-unused",
      "@UI.Identification": [
        {
          "Value": {
            "=": "name"
          }
        }
      ],
      "@cds.odata.valuelist": true,
      "elements": {
        "name": {
          "@title": "{i18n>Name}",
          "localized": true,
          "type": "cds.String",
          "length": 255
        },
        "descr": {
          "@title": "{i18n>Description}",
          "localized": true,
          "type": "cds.String",
          "length": 1000
        }
      }
    },
    "cuid": {
      "kind": "aspect",
      "elements": {
        "ID": {
          "key": true,
          "type": "cds.UUID"
        }
      }
    },
    "managed": {
      "kind": "aspect",
      "elements": {
        "createdAt": {
          "@cds.on.insert": {
            "=": "$now"
          },
          "@UI.HiddenFilter": true,
          "@Core.Immutable": true,
          "@title": "{i18n>CreatedAt}",
          "@readonly": true,
          "@odata.on.insert": {
            "#": "now"
          },
          "type": "cds.Timestamp"
        },
        "createdBy": {
          "@cds.on.insert": {
            "=": "$user"
          },
          "@UI.HiddenFilter": true,
          "@Core.Immutable": true,
          "@title": "{i18n>CreatedBy}",
          "@readonly": true,
          "@odata.on.insert": {
            "#": "user"
          },
          "@description": "{i18n>UserID.Description}",
          "type": "User",
          "length": 255
        },
        "modifiedAt": {
          "@cds.on.insert": {
            "=": "$now"
          },
          "@cds.on.update": {
            "=": "$now"
          },
          "@UI.HiddenFilter": true,
          "@title": "{i18n>ChangedAt}",
          "@readonly": true,
          "@odata.on.update": {
            "#": "now"
          },
          "type": "cds.Timestamp"
        },
        "modifiedBy": {
          "@cds.on.insert": {
            "=": "$user"
          },
          "@cds.on.update": {
            "=": "$user"
          },
          "@UI.HiddenFilter": true,
          "@title": "{i18n>ChangedBy}",
          "@readonly": true,
          "@odata.on.update": {
            "#": "user"
          },
          "@description": "{i18n>UserID.Description}",
          "type": "User",
          "length": 255
        }
      }
    },
    "temporal": {
      "kind": "aspect",
      "elements": {
        "validFrom": {
          "@cds.valid.from": true,
          "type": "cds.Timestamp"
        },
        "validTo": {
          "@cds.valid.to": true,
          "type": "cds.Timestamp"
        }
      }
    },
    "User": {
      "kind": "type",
      "@title": "{i18n>UserID}",
      "@description": "{i18n>UserID.Description}",
      "type": "cds.String",
      "length": 255
    },
    "extensible": {
      "kind": "aspect",
      "elements": {
        "extensions__": {
          "@cds.api.ignore": true,
          "type": "cds.String"
        }
      }
    },
    "cwfm.TimesheetStatuses.texts": {
      "kind": "entity",
      "@odata.draft.enabled": false,
      "elements": {
        "locale": {
          "key": true,
          "type": "cds.String",
          "length": 14
        },
        "name": {
          "@title": "{i18n>Name}",
          "localized": null,
          "type": "cds.String",
          "length": 255
        },
        "descr": {
          "@title": "{i18n>Description}",
          "localized": null,
          "type": "cds.String",
          "length": 1000
        },
        "code": {
          "@odata.containment.ignore": true,
          "key": true,
          "type": "cds.String",
          "length": 4,
          "enum": {
            "created": {
              "val": "CREA"
            },
            "error": {
              "val": "EROR"
            },
            "pendingApproval": {
              "val": "PEND"
            },
            "processed": {
              "val": "PROC"
            },
            "rejected": {
              "val": "REJE"
            }
          }
        }
      }
    },
    "cwfm.TimesheetStatusReasons.texts": {
      "kind": "entity",
      "@odata.draft.enabled": false,
      "elements": {
        "locale": {
          "key": true,
          "type": "cds.String",
          "length": 14
        },
        "name": {
          "@title": "{i18n>Name}",
          "localized": null,
          "type": "cds.String",
          "length": 255
        },
        "descr": {
          "@title": "{i18n>Description}",
          "localized": null,
          "type": "cds.String",
          "length": 1000
        },
        "code": {
          "@odata.containment.ignore": true,
          "key": true,
          "type": "cds.String",
          "length": 4,
          "enum": {
            "invalidPartner": {
              "val": "BP01"
            },
            "partnerArchived": {
              "val": "BP02"
            },
            "bpStatusInvalid": {
              "val": "BP03"
            }
          }
        }
      }
    },
    "sap.common.Languages.texts": {
      "kind": "entity",
      "@odata.draft.enabled": false,
      "elements": {
        "locale": {
          "key": true,
          "type": "cds.String",
          "length": 14
        },
        "name": {
          "@title": "{i18n>Name}",
          "localized": null,
          "type": "cds.String",
          "length": 255
        },
        "descr": {
          "@title": "{i18n>Description}",
          "localized": null,
          "type": "cds.String",
          "length": 1000
        },
        "code": {
          "@odata.containment.ignore": true,
          "@title": "{i18n>LanguageCode}",
          "@Common.Text": {
            "=": "name"
          },
          "key": true,
          "type": "cds.String",
          "length": 14
        }
      }
    },
    "sap.common.Countries.texts": {
      "kind": "entity",
      "@odata.draft.enabled": false,
      "elements": {
        "locale": {
          "key": true,
          "type": "cds.String",
          "length": 14
        },
        "name": {
          "@title": "{i18n>Name}",
          "localized": null,
          "type": "cds.String",
          "length": 255
        },
        "descr": {
          "@title": "{i18n>Description}",
          "localized": null,
          "type": "cds.String",
          "length": 1000
        },
        "code": {
          "@odata.containment.ignore": true,
          "@title": "{i18n>CountryCode}",
          "@Common.Text": {
            "=": "name"
          },
          "key": true,
          "type": "cds.String",
          "length": 3
        }
      }
    },
    "sap.common.Currencies.texts": {
      "kind": "entity",
      "@odata.draft.enabled": false,
      "elements": {
        "locale": {
          "key": true,
          "type": "cds.String",
          "length": 14
        },
        "name": {
          "@title": "{i18n>Name}",
          "localized": null,
          "type": "cds.String",
          "length": 255
        },
        "descr": {
          "@title": "{i18n>Description}",
          "localized": null,
          "type": "cds.String",
          "length": 1000
        },
        "code": {
          "@odata.containment.ignore": true,
          "@title": "{i18n>CurrencyCode}",
          "@Common.Text": {
            "=": "name"
          },
          "key": true,
          "type": "cds.String",
          "length": 3
        }
      }
    },
    "TimesheetService.TimesheetStatuses.texts": {
      "kind": "entity",
      "@cds.autoexposed": true,
      "@odata.draft.enabled": false,
      "projection": {
        "from": {
          "ref": [
            "cwfm.TimesheetStatuses.texts"
          ]
        }
      },
      "elements": {
        "locale": {
          "key": true,
          "type": "cds.String",
          "length": 14
        },
        "name": {
          "@title": "{i18n>Name}",
          "localized": null,
          "type": "cds.String",
          "length": 255
        },
        "descr": {
          "@title": "{i18n>Description}",
          "localized": null,
          "type": "cds.String",
          "length": 1000
        },
        "code": {
          "@odata.containment.ignore": true,
          "key": true,
          "type": "cds.String",
          "length": 4,
          "enum": {
            "created": {
              "val": "CREA"
            },
            "error": {
              "val": "EROR"
            },
            "pendingApproval": {
              "val": "PEND"
            },
            "processed": {
              "val": "PROC"
            },
            "rejected": {
              "val": "REJE"
            }
          }
        }
      }
    },
    "TimesheetService.TimesheetStatusReasons.texts": {
      "kind": "entity",
      "@cds.autoexposed": true,
      "@odata.draft.enabled": false,
      "projection": {
        "from": {
          "ref": [
            "cwfm.TimesheetStatusReasons.texts"
          ]
        }
      },
      "elements": {
        "locale": {
          "key": true,
          "type": "cds.String",
          "length": 14
        },
        "name": {
          "@title": "{i18n>Name}",
          "localized": null,
          "type": "cds.String",
          "length": 255
        },
        "descr": {
          "@title": "{i18n>Description}",
          "localized": null,
          "type": "cds.String",
          "length": 1000
        },
        "code": {
          "@odata.containment.ignore": true,
          "key": true,
          "type": "cds.String",
          "length": 4,
          "enum": {
            "invalidPartner": {
              "val": "BP01"
            },
            "partnerArchived": {
              "val": "BP02"
            },
            "bpStatusInvalid": {
              "val": "BP03"
            }
          }
        }
      }
    }
  },
  "meta": {
    "creator": "CDS Compiler v2.13.8",
    "flavor": "inferred"
  },
  "$version": "2.0"
}