ID;recordNumber;partnerID;projectReference;workDate;workDuration;matchScore;status_code;statusReason_code;createdAt;createdBy;modifiedAt;modifiedBy
b51a6a2a-8192-4144-a61c-84473b180404;3000000001;1000000001;GreenLife;2021-12-01;08:00:00;0.96875;CREA; ;2021-12-01 20:00:00;OLV;2021-12-01 20:00:00;OLV
c7de6909-5cba-48f5-b871-6ff249e719a9;3000000002;1000000002;GreenLife;2021-12-01;08:00:00;1.114583;CREA; ;2021-12-01 20:00:00;OLV;2021-12-01 20:00:00;OLV
5f206316-df9f-4a7b-b2f2-50e7d306ac98;3000000003;1000000003;GreenLife;2021-12-01;08:00:00;0.985416;CREA; ;2021-12-01 20:00:00;OLV;2021-12-01 20:00:00;OLV
d1e737f0-7495-4fbc-a1c5-2603c2f7b8e2;3000000004;1000000004;GreenLife;2021-12-01;08:00:00;0.777083;CREA; ;2021-12-01 20:00:00;OLV;2021-12-01 20:00:00;OLV
1ece44f0-4263-4ea2-9190-ec099e4e2728;3000000005;1000000005;GreenLife;2021-12-01;08:00:00;0.395833;CREA; ;2021-12-01 20:00:00;OLV;2021-12-01 20:00:00;OLV